name,version,license,homepage
"@alloc/quick-lru","5.2.0","MIT","https://github.com/sindresorhus/quick-lru#readme"
"@aws-crypto/crc32","5.2.0","Apache-2.0","https://github.com/aws/aws-sdk-js-crypto-helpers/tree/master/packages/crc32"
"@aws-crypto/crc32c","5.2.0","Apache-2.0","https://github.com/aws/aws-sdk-js-crypto-helpers/tree/master/packages/crc32c"
"@aws-crypto/sha1-browser","5.2.0","Apache-2.0","https://github.com/aws/aws-sdk-js-crypto-helpers/tree/master/packages/sha1-browser"
"@aws-crypto/sha256-browser","5.2.0","Apache-2.0","https://github.com/aws/aws-sdk-js-crypto-helpers/tree/master/packages/sha256-browser"
"@aws-crypto/sha256-js","5.2.0","Apache-2.0","https://github.com/aws/aws-sdk-js-crypto-helpers/tree/master/packages/sha256-js"
"@aws-crypto/supports-web-crypto","5.2.0","Apache-2.0","https://github.com/aws/aws-sdk-js-crypto-helpers/tree/master/packages/supports-web-crypto"
"@aws-crypto/util","5.2.0","Apache-2.0","https://github.com/aws/aws-sdk-js-crypto-helpers/tree/master/packages/util"
"@aws-sdk/client-s3","3.975.0","Apache-2.0","https://github.com/aws/aws-sdk-js-v3/tree/main/clients/client-s3"
"@aws-sdk/client-sso","3.975.0","Apache-2.0","https://github.com/aws/aws-sdk-js-v3/tree/main/clients/client-sso"
"@aws-sdk/core","3.972.0 / 3.973.3","Apache-2.0","https://github.com/aws/aws-sdk-js-v3/tree/main/packages-internal/core"
"@aws-sdk/crc64-nvme","3.972.0","Apache-2.0","https://github.com/aws/aws-sdk-js-v3/tree/main/packages/crc64-nvme"
"@aws-sdk/credential-provider-env","3.972.2","Apache-2.0","https://github.com/aws/aws-sdk-js-v3/tree/main/packages-internal/credential-provider-env"
"@aws-sdk/credential-provider-http","3.972.3","Apache-2.0","https://github.com/aws/aws-sdk-js-v3/tree/main/packages-internal/credential-provider-http"
"@aws-sdk/credential-provider-ini","3.972.2","Apache-2.0","https://github.com/aws/aws-sdk-js-v3/tree/main/packages-internal/credential-provider-ini"
"@aws-sdk/credential-provider-login","3.972.2","Apache-2.0","https://github.com/aws/aws-sdk-js-v3/tree/main/packages-internal/credential-provider-login"
"@aws-sdk/credential-provider-node","3.972.2","Apache-2.0","https://github.com/aws/aws-sdk-js-v3/tree/main/packages-internal/credential-provider-node"
"@aws-sdk/credential-provider-process","3.972.2","Apache-2.0","https://github.com/aws/aws-sdk-js-v3/tree/main/packages-internal/credential-provider-process"
"@aws-sdk/credential-provider-sso","3.972.2","Apache-2.0","https://github.com/aws/aws-sdk-js-v3/tree/main/packages-internal/credential-provider-sso"
"@aws-sdk/credential-provider-web-identity","3.972.2","Apache-2.0","https://github.com/aws/aws-sdk-js-v3/tree/main/packages-internal/credential-provider-web-identity"
"@aws-sdk/middleware-bucket-endpoint","3.972.2","Apache-2.0","https://github.com/aws/aws-sdk-js-v3/tree/main/packages-internal/middleware-bucket-endpoint"
"@aws-sdk/middleware-expect-continue","3.972.2","Apache-2.0","https://github.com/aws/aws-sdk-js-v3/tree/main/packages-internal/middleware-expect-continue"
"@aws-sdk/middleware-flexible-checksums","3.972.2","Apache-2.0","https://github.com/aws/aws-sdk-js-v3/tree/main/packages-internal/middleware-flexible-checksums"
"@aws-sdk/middleware-host-header","3.972.2","Apache-2.0","https://github.com/aws/aws-sdk-js-v3/tree/main/packages-internal/middleware-host-header"
"@aws-sdk/middleware-location-constraint","3.972.2","Apache-2.0","https://github.com/aws/aws-sdk-js-v3/tree/main/packages-internal/middleware-location-constraint"
"@aws-sdk/middleware-logger","3.972.2","Apache-2.0","https://github.com/aws/aws-sdk-js-v3/tree/main/packages-internal/middleware-logger"
"@aws-sdk/middleware-recursion-detection","3.972.2","Apache-2.0","https://github.com/aws/aws-sdk-js-v3/tree/main/packages-internal/middleware-recursion-detection"
"@aws-sdk/middleware-sdk-s3","3.972.0 / 3.972.3","Apache-2.0","https://github.com/aws/aws-sdk-js-v3/tree/main/packages-internal/middleware-sdk-s3"
"@aws-sdk/middleware-ssec","3.972.2","Apache-2.0","https://github.com/aws/aws-sdk-js-v3/tree/main/packages-internal/middleware-ssec"
"@aws-sdk/middleware-user-agent","3.972.3","Apache-2.0","https://github.com/aws/aws-sdk-js-v3/tree/main/packages-internal/middleware-user-agent"
"@aws-sdk/nested-clients","3.975.0","Apache-2.0","https://github.com/aws/aws-sdk-js-v3/tree/main/packages/nested-clients"
"@aws-sdk/region-config-resolver","3.972.2","Apache-2.0","https://github.com/awslabs/smithy-typescript/tree/main/packages-internal/region-config-resolver"
"@aws-sdk/s3-request-presigner","3.975.0","Apache-2.0","https://github.com/aws/aws-sdk-js-v3/tree/main/packages/s3-request-presigner"
"@aws-sdk/signature-v4-multi-region","3.972.0","Apache-2.0","https://github.com/aws/aws-sdk-js-v3/tree/main/packages/signature-v4-multi-region"
"@aws-sdk/token-providers","3.975.0","Apache-2.0","https://github.com/aws/aws-sdk-js-v3/tree/main/packages/token-providers"
"@aws-sdk/types","3.972.0 / 3.973.1","Apache-2.0","https://github.com/aws/aws-sdk-js-v3/tree/main/packages-internal/types"
"@aws-sdk/util-arn-parser","3.972.0 / 3.972.2","Apache-2.0","https://github.com/aws/aws-sdk-js-v3/tree/main/packages-internal/util-arn-parser"
"@aws-sdk/util-endpoints","3.972.0","Apache-2.0","https://github.com/aws/aws-sdk-js-v3/tree/main/packages/util-endpoints"
"@aws-sdk/util-format-url","3.972.2","Apache-2.0","https://github.com/aws/aws-sdk-js-v3/tree/main/packages-internal/util-format-url"
"@aws-sdk/util-locate-window","3.965.4","Apache-2.0","https://github.com/aws/aws-sdk-js-v3/tree/main/packages-internal/util-locate-window"
"@aws-sdk/util-user-agent-browser","3.972.2","Apache-2.0","https://github.com/aws/aws-sdk-js-v3/tree/main/packages-internal/util-user-agent-browser"
"@aws-sdk/util-user-agent-node","3.972.2","Apache-2.0","https://github.com/aws/aws-sdk-js-v3/tree/main/packages-internal/util-user-agent-node"
"@aws-sdk/xml-builder","3.972.0 / 3.972.2","Apache-2.0","https://github.com/aws/aws-sdk-js-v3/tree/main/packages-internal/xml-builder"
"@aws/lambda-invoke-store","0.2.3","Apache-2.0","https://github.com/awslabs/aws-lambda-invoke-store"
"@babel/runtime","7.29.7","MIT","https://babel.dev/docs/en/next/babel-runtime"
"@borewit/text-codec","0.2.1","MIT","https://github.com/Borewit/text-codec#readme"
"@codemirror/autocomplete","6.20.3","MIT",""
"@codemirror/commands","6.10.4","MIT",""
"@codemirror/lang-python","6.2.1","MIT","https://github.com/codemirror/lang-python#readme"
"@codemirror/language","6.12.4","MIT",""
"@codemirror/lint","6.9.7","MIT",""
"@codemirror/search","6.7.1","MIT",""
"@codemirror/state","6.7.1","MIT",""
"@codemirror/theme-one-dark","6.1.3","MIT","https://github.com/codemirror/theme-one-dark#readme"
"@codemirror/view","6.43.8","MIT",""
"@eslint-community/eslint-utils","4.9.1","MIT","https://github.com/eslint-community/eslint-utils#readme"
"@eslint-community/regexpp","4.12.2","MIT","https://github.com/eslint-community/regexpp#readme"
"@eslint/eslintrc","2.1.4","MIT","https://github.com/eslint/eslintrc#readme"
"@eslint/js","8.57.1","MIT","https://eslint.org"
"@floating-ui/core","1.7.4","MIT","https://floating-ui.com"
"@floating-ui/dom","1.7.5","MIT","https://floating-ui.com"
"@floating-ui/utils","0.2.10","MIT","https://floating-ui.com"
"@humanwhocodes/config-array","0.13.0","Apache-2.0","https://github.com/humanwhocodes/config-array#readme"
"@humanwhocodes/module-importer","1.0.1","Apache-2.0","https://github.com/humanwhocodes/module-importer#readme"
"@humanwhocodes/object-schema","2.0.3","BSD-3-Clause","https://github.com/humanwhocodes/object-schema#readme"
"@ioredis/commands","1.5.0","MIT","https://github.com/ioredis/commands"
"@isaacs/fs-minipass","4.0.1","ISC","https://github.com/npm/fs-minipass#readme"
"@jridgewell/gen-mapping","0.3.13","MIT","https://github.com/jridgewell/sourcemaps/tree/main/packages/gen-mapping"
"@jridgewell/remapping","2.3.5","MIT","https://github.com/jridgewell/sourcemaps/tree/main/packages/remapping"
"@jridgewell/resolve-uri","3.1.2","MIT","https://github.com/jridgewell/resolve-uri#readme"
"@jridgewell/source-map","0.3.11","MIT","https://github.com/jridgewell/sourcemaps/tree/main/packages/source-map"
"@jridgewell/sourcemap-codec","1.5.5","MIT","https://github.com/jridgewell/sourcemaps/tree/main/packages/sourcemap-codec"
"@jridgewell/trace-mapping","0.3.31","MIT","https://github.com/jridgewell/sourcemaps/tree/main/packages/trace-mapping"
"@lezer/common","1.5.2","MIT","https://github.com/lezer-parser/common#readme"
"@lezer/highlight","1.2.3","MIT","https://github.com/lezer-parser/highlight#readme"
"@lezer/lr","1.4.10","MIT",""
"@lezer/python","1.1.19","MIT",""
"@lukeed/csprng","1.1.0","MIT","https://github.com/lukeed/csprng#readme"
"@mapbox/node-pre-gyp","1.0.11","BSD-3-Clause","https://github.com/mapbox/node-pre-gyp#readme"
"@marijn/find-cluster-break","1.0.3","MIT","https://code.haverbeke.berlin/marijn/find-cluster-break"
"@mdx-js/mdx","3.1.1","MIT","https://mdxjs.com"
"@mdx-js/react","3.1.1","MIT","https://mdxjs.com"
"@mediapipe/tasks-vision","0.10.35","Apache-2.0","http://mediapipe.dev"
"@microsoft/tsdoc","0.15.1","MIT","https://tsdoc.org/"
"@napi-rs/canvas","0.1.80 / 0.1.97","MIT","https://github.com/Brooooooklyn/canvas#readme"
"@napi-rs/canvas-win32-x64-msvc","0.1.80 / 0.1.97","MIT","https://github.com/Brooooooklyn/canvas#readme"
"@nestjs/common","10.4.22","MIT","https://nestjs.com"
"@nestjs/config","3.3.0","MIT","https://github.com/nestjs/config#readme"
"@nestjs/core","10.4.22","MIT","https://nestjs.com"
"@nestjs/event-emitter","3.0.1","MIT","https://github.com/nestjs/event-emitter#readme"
"@nestjs/jwt","11.0.2","MIT","https://github.com/nestjs/jwt#readme"
"@nestjs/mapped-types","2.0.5","MIT","https://github.com/nestjs/mapped-types#readme"
"@nestjs/passport","11.0.5","MIT","https://github.com/nestjs/passport#readme"
"@nestjs/platform-express","10.4.22","MIT","https://nestjs.com"
"@nestjs/platform-socket.io","10.4.22","MIT","https://nestjs.com"
"@nestjs/swagger","7.4.2","MIT","https://github.com/nestjs/swagger#readme"
"@nestjs/throttler","6.5.0","MIT","https://github.com/nestjs/throttler#readme"
"@nestjs/websockets","10.4.22","MIT","https://github.com/nestjs/nest#readme"
"@nodable/entities","3.0.0","MIT","https://github.com/nodable/val-parsers#readme"
"@nodelib/fs.scandir","2.1.5","MIT","https://github.com/nodelib/nodelib/tree/master#readme"
"@nodelib/fs.stat","2.0.5","MIT","https://github.com/nodelib/nodelib/tree/master#readme"
"@nodelib/fs.walk","1.2.8","MIT","https://github.com/nodelib/nodelib/tree/master#readme"
"@nuxtjs/opencollective","0.3.2","MIT","https://github.com/nuxt-contrib/opencollective#readme"
"@otplib/core","12.0.1","MIT","https://yeojz.otplib.dev"
"@otplib/plugin-crypto","12.0.1","MIT","https://yeojz.otplib.dev"
"@otplib/plugin-thirty-two","12.0.1","MIT","https://yeojz.otplib.dev"
"@otplib/preset-default","12.0.1","MIT","https://yeojz.otplib.dev"
"@otplib/preset-v11","12.0.1","MIT","https://yeojz.otplib.dev"
"@prisma/client","6.19.2","Apache-2.0","https://www.prisma.io"
"@prisma/config","6.19.2","Apache-2.0","https://github.com/prisma/prisma#readme"
"@prisma/debug","6.19.2","Apache-2.0","https://www.prisma.io"
"@prisma/engines","6.19.2","Apache-2.0","https://github.com/prisma/prisma#readme"
"@prisma/engines-version","7.1.1-3.c2990dca591cba766e3b7ef5d9e8a84796e47ab7","Apache-2.0","https://github.com/prisma/engines-wrapper#readme"
"@prisma/fetch-engine","6.19.2","Apache-2.0","https://www.prisma.io"
"@prisma/get-platform","6.19.2","Apache-2.0","https://www.prisma.io"
"@remix-run/router","1.23.2","MIT","https://github.com/remix-run/react-router#readme"
"@smithy/abort-controller","4.2.8","Apache-2.0","https://github.com/smithy-lang/smithy-typescript/tree/main/packages/abort-controller"
"@smithy/chunked-blob-reader","5.2.0","Apache-2.0","https://github.com/smithy-lang/smithy-typescript/tree/main/packages/chunked-blob-reader"
"@smithy/chunked-blob-reader-native","4.2.1","Apache-2.0","https://github.com/smithy-lang/smithy-typescript/tree/main/packages/chunked-blob-reader-native"
"@smithy/config-resolver","4.4.6","Apache-2.0","https://github.com/smithy-lang/smithy-typescript/tree/main/packages/config-resolver"
"@smithy/core","3.22.0","Apache-2.0","https://github.com/smithy-lang/smithy-typescript/tree/main/packages/core"
"@smithy/credential-provider-imds","4.2.8","Apache-2.0","https://github.com/smithy-lang/smithy-typescript/tree/main/packages/credential-provider-imds"
"@smithy/eventstream-codec","4.2.8","Apache-2.0","https://github.com/smithy-lang/smithy-typescript/tree/main/packages/eventstream-codec"
"@smithy/eventstream-serde-browser","4.2.8","Apache-2.0","https://github.com/smithy-lang/smithy-typescript/tree/main/packages/eventstream-serde-browser"
"@smithy/eventstream-serde-config-resolver","4.3.8","Apache-2.0","https://github.com/smithy-lang/smithy-typescript/tree/main/packages/eventstream-serde-config-resolver"
"@smithy/eventstream-serde-node","4.2.8","Apache-2.0","https://github.com/smithy-lang/smithy-typescript/tree/main/packages/eventstream-serde-node"
"@smithy/eventstream-serde-universal","4.2.8","Apache-2.0","https://github.com/smithy-lang/smithy-typescript/tree/main/packages/eventstream-serde-universal"
"@smithy/fetch-http-handler","5.3.9","Apache-2.0","https://github.com/smithy-lang/smithy-typescript/tree/main/packages/fetch-http-handler"
"@smithy/hash-blob-browser","4.2.9","Apache-2.0","https://github.com/smithy-lang/smithy-typescript/tree/main/packages/hash-blob-browser"
"@smithy/hash-node","4.2.8","Apache-2.0","https://github.com/smithy-lang/smithy-typescript/tree/main/packages/hash-node"
"@smithy/hash-stream-node","4.2.8","Apache-2.0","https://github.com/smithy-lang/smithy-typescript/tree/main/packages/hash-stream-node"
"@smithy/invalid-dependency","4.2.8","Apache-2.0","https://github.com/smithy-lang/smithy-typescript/tree/main/packages/invalid-dependency"
"@smithy/is-array-buffer","2.2.0 / 4.2.0","Apache-2.0","https://github.com/smithy-lang/smithy-typescript/tree/main/packages/is-array-buffer"
"@smithy/md5-js","4.2.8","Apache-2.0","https://github.com/smithy-lang/smithy-typescript/tree/main/packages/md5-js"
"@smithy/middleware-content-length","4.2.8","Apache-2.0","https://github.com/smithy-lang/smithy-typescript/tree/main/packages/middleware-content-length"
"@smithy/middleware-endpoint","4.4.12","Apache-2.0","https://github.com/smithy-lang/smithy-typescript/tree/main/packages/middleware-endpoint"
"@smithy/middleware-retry","4.4.29","Apache-2.0","https://github.com/smithy-lang/smithy-typescript/tree/main/packages/middleware-retry"
"@smithy/middleware-serde","4.2.9","Apache-2.0","https://github.com/smithy-lang/smithy-typescript/tree/main/packages/middleware-serde"
"@smithy/middleware-stack","4.2.8","Apache-2.0","https://github.com/smithy-lang/smithy-typescript/tree/main/packages/middleware-stack"
"@smithy/node-config-provider","4.3.8","Apache-2.0","https://github.com/smithy-lang/smithy-typescript/tree/main/packages/node-config-provider"
"@smithy/node-http-handler","4.4.8","Apache-2.0","https://github.com/smithy-lang/smithy-typescript/tree/main/packages/node-http-handler"
"@smithy/property-provider","4.2.8","Apache-2.0","https://github.com/smithy-lang/smithy-typescript/tree/main/packages/property-provider"
"@smithy/protocol-http","5.3.8","Apache-2.0","https://github.com/smithy-lang/smithy-typescript/tree/main/packages/protocol-http"
"@smithy/querystring-builder","4.2.8","Apache-2.0","https://github.com/smithy-lang/smithy-typescript/tree/main/packages/querystring-builder"
"@smithy/querystring-parser","4.2.8","Apache-2.0","https://github.com/smithy-lang/smithy-typescript/tree/main/packages/querystring-parser"
"@smithy/service-error-classification","4.2.8","Apache-2.0","https://github.com/smithy-lang/smithy-typescript/tree/main/packages/service-error-classification"
"@smithy/shared-ini-file-loader","4.4.3","Apache-2.0","https://github.com/smithy-lang/smithy-typescript/tree/main/packages/shared-ini-file-loader"
"@smithy/signature-v4","5.3.8","Apache-2.0","https://github.com/smithy-lang/smithy-typescript/tree/main/packages/signature-v4"
"@smithy/smithy-client","4.11.1","Apache-2.0","https://github.com/smithy-lang/smithy-typescript/tree/main/packages/smithy-client"
"@smithy/types","4.12.0","Apache-2.0","https://github.com/smithy-lang/smithy-typescript/tree/main/packages/types"
"@smithy/url-parser","4.2.8","Apache-2.0","https://github.com/smithy-lang/smithy-typescript/tree/main/packages/url-parser"
"@smithy/util-base64","4.3.0","Apache-2.0","https://github.com/smithy-lang/smithy-typescript/tree/main/packages/util-base64"
"@smithy/util-body-length-browser","4.2.0","Apache-2.0","https://github.com/smithy-lang/smithy-typescript/tree/main/packages/util-body-length-browser"
"@smithy/util-body-length-node","4.2.1","Apache-2.0","https://github.com/smithy-lang/smithy-typescript/tree/main/packages/util-body-length-node"
"@smithy/util-buffer-from","2.2.0 / 4.2.0","Apache-2.0","https://github.com/smithy-lang/smithy-typescript/tree/main/packages/util-buffer-from"
"@smithy/util-config-provider","4.2.0","Apache-2.0","https://github.com/smithy-lang/smithy-typescript/tree/main/packages/util-config-provider"
"@smithy/util-defaults-mode-browser","4.3.28","Apache-2.0","https://github.com/smithy-lang/smithy-typescript/tree/main/packages/util-defaults-mode-node"
"@smithy/util-defaults-mode-node","4.2.31","Apache-2.0","https://github.com/smithy-lang/smithy-typescript/tree/main/packages/util-defaults-mode-node"
"@smithy/util-endpoints","3.2.8","Apache-2.0","https://github.com/smithy-lang/smithy-typescript/tree/master/packages/util-endpoints"
"@smithy/util-hex-encoding","4.2.0","Apache-2.0","https://github.com/smithy-lang/smithy-typescript/tree/main/packages/util-hex-encoding"
"@smithy/util-middleware","4.2.8","Apache-2.0","https://github.com/smithy-lang/smithy-typescript/tree/master/packages/util-middleware"
"@smithy/util-retry","4.2.8","Apache-2.0","https://github.com/smithy-lang/smithy-typescript/tree/master/packages/util-retry"
"@smithy/util-stream","4.5.10","Apache-2.0","https://github.com/smithy-lang/smithy-typescript/tree/main/packages/util-stream"
"@smithy/util-uri-escape","4.2.0","Apache-2.0","https://github.com/smithy-lang/smithy-typescript/tree/main/packages/util-uri-escape"
"@smithy/util-utf8","2.3.0 / 4.2.0","Apache-2.0","https://github.com/smithy-lang/smithy-typescript/tree/main/packages/util-utf8"
"@smithy/util-waiter","4.2.8","Apache-2.0","https://github.com/smithy-lang/smithy-typescript/tree/main/packages/util-waiter"
"@smithy/uuid","1.1.0","Apache-2.0","https://github.com/smithy-lang/smithy-typescript/tree/main/packages/uuid"
"@socket.io/component-emitter","3.1.2","MIT","https://github.com/socketio/emitter#readme"
"@standard-schema/spec","1.1.0","MIT","https://standardschema.dev"
"@tailwindcss/node","4.1.18","MIT","https://tailwindcss.com"
"@tailwindcss/oxide","4.1.18","MIT","https://github.com/tailwindlabs/tailwindcss#readme"
"@tailwindcss/oxide-win32-x64-msvc","4.1.18","MIT","https://github.com/tailwindlabs/tailwindcss#readme"
"@tailwindcss/postcss","4.1.18","MIT","https://tailwindcss.com"
"@tensorflow/tfjs","4.22.0","Apache-2.0","https://github.com/tensorflow/tfjs#readme"
"@tensorflow/tfjs-backend-cpu","4.22.0","Apache-2.0","https://github.com/tensorflow/tfjs#readme"
"@tensorflow/tfjs-backend-webgl","4.22.0","Apache-2.0","https://github.com/tensorflow/tfjs#readme"
"@tensorflow/tfjs-converter","4.22.0","Apache-2.0","https://github.com/tensorflow/tfjs#readme"
"@tensorflow/tfjs-core","4.22.0","Apache-2.0","https://github.com/tensorflow/tfjs#readme"
"@tensorflow/tfjs-data","4.22.0","Apache-2.0","https://github.com/tensorflow/tfjs#readme"
"@tensorflow/tfjs-layers","4.22.0","Apache-2.0 AND MIT","https://github.com/tensorflow/tfjs#readme"
"@tiptap/core","3.31.3","MIT","https://tiptap.dev"
"@tiptap/extension-blockquote","3.18.0","MIT","https://tiptap.dev"
"@tiptap/extension-bold","3.18.0","MIT","https://tiptap.dev"
"@tiptap/extension-bubble-menu","3.18.0","MIT","https://tiptap.dev"
"@tiptap/extension-bullet-list","3.18.0","MIT","https://tiptap.dev"
"@tiptap/extension-code","3.18.0","MIT","https://tiptap.dev"
"@tiptap/extension-code-block","3.18.0","MIT","https://tiptap.dev"
"@tiptap/extension-document","3.18.0","MIT","https://tiptap.dev"
"@tiptap/extension-dropcursor","3.18.0","MIT","https://tiptap.dev"
"@tiptap/extension-floating-menu","3.18.0","MIT","https://tiptap.dev"
"@tiptap/extension-font-size","3.0.0-next.3","MIT","https://tiptap.dev"
"@tiptap/extension-gapcursor","3.18.0","MIT","https://tiptap.dev"
"@tiptap/extension-hard-break","3.18.0","MIT","https://tiptap.dev"
"@tiptap/extension-heading","3.18.0","MIT","https://tiptap.dev"
"@tiptap/extension-horizontal-rule","3.18.0","MIT","https://tiptap.dev"
"@tiptap/extension-italic","3.18.0","MIT","https://tiptap.dev"
"@tiptap/extension-link","3.18.0","MIT","https://tiptap.dev"
"@tiptap/extension-list","3.18.0","MIT","https://tiptap.dev"
"@tiptap/extension-list-item","3.18.0","MIT","https://tiptap.dev"
"@tiptap/extension-list-keymap","3.18.0","MIT","https://tiptap.dev"
"@tiptap/extension-ordered-list","3.18.0","MIT","https://tiptap.dev"
"@tiptap/extension-paragraph","3.18.0","MIT","https://tiptap.dev"
"@tiptap/extension-placeholder","3.18.0","MIT","https://tiptap.dev"
"@tiptap/extension-strike","3.18.0","MIT","https://tiptap.dev"
"@tiptap/extension-text","3.18.0","MIT","https://tiptap.dev"
"@tiptap/extension-text-align","3.18.0","MIT","https://tiptap.dev"
"@tiptap/extension-text-style","3.18.0","MIT","https://tiptap.dev"
"@tiptap/extension-underline","3.18.0","MIT","https://tiptap.dev"
"@tiptap/extensions","3.18.0","MIT","https://tiptap.dev"
"@tiptap/pm","3.31.3","MIT","https://tiptap.dev"
"@tiptap/react","3.18.0","MIT","https://tiptap.dev"
"@tiptap/starter-kit","3.18.0","MIT","https://tiptap.dev"
"@tokenizer/inflate","0.4.1","MIT","https://github.com/Borewit/tokenizer-inflate#readme"
"@tokenizer/token","0.3.0","MIT","https://github.com/Borewit/tokenizer-token#readme"
"@types/cors","2.8.19","MIT","https://github.com/DefinitelyTyped/DefinitelyTyped/tree/master/types/cors"
"@types/debug","4.1.12","MIT","https://github.com/DefinitelyTyped/DefinitelyTyped/tree/master/types/debug"
"@types/emscripten","1.41.5","MIT","https://github.com/DefinitelyTyped/DefinitelyTyped/tree/master/types/emscripten"
"@types/estree","1.0.8","MIT","https://github.com/DefinitelyTyped/DefinitelyTyped/tree/master/types/estree"
"@types/estree-jsx","1.0.5","MIT","https://github.com/DefinitelyTyped/DefinitelyTyped/tree/master/types/estree-jsx"
"@types/hast","3.0.4","MIT","https://github.com/DefinitelyTyped/DefinitelyTyped/tree/master/types/hast"
"@types/json-schema","7.0.15","MIT","https://github.com/DefinitelyTyped/DefinitelyTyped/tree/master/types/json-schema"
"@types/jsonwebtoken","9.0.10","MIT","https://github.com/DefinitelyTyped/DefinitelyTyped/tree/master/types/jsonwebtoken"
"@types/katex","0.16.8","MIT","https://github.com/DefinitelyTyped/DefinitelyTyped/tree/master/types/katex"
"@types/long","4.0.2","MIT","https://github.com/DefinitelyTyped/DefinitelyTyped/tree/master/types/long"
"@types/mdast","4.0.4","MIT","https://github.com/DefinitelyTyped/DefinitelyTyped/tree/master/types/mdast"
"@types/mdx","2.0.13","MIT","https://github.com/DefinitelyTyped/DefinitelyTyped/tree/master/types/mdx"
"@types/ms","2.1.0","MIT","https://github.com/DefinitelyTyped/DefinitelyTyped/tree/master/types/ms"
"@types/node","20.19.30","MIT","https://github.com/DefinitelyTyped/DefinitelyTyped/tree/master/types/node"
"@types/node-fetch","2.6.13","MIT","https://github.com/DefinitelyTyped/DefinitelyTyped/tree/master/types/node-fetch"
"@types/offscreencanvas","2019.3.0 / 2019.7.3","MIT","https://github.com/DefinitelyTyped/DefinitelyTyped/tree/master/types/offscreencanvas"
"@types/prop-types","15.7.15","MIT","https://github.com/DefinitelyTyped/DefinitelyTyped/tree/master/types/prop-types"
"@types/react","18.3.27","MIT","https://github.com/DefinitelyTyped/DefinitelyTyped/tree/master/types/react"
"@types/react-dom","18.3.7","MIT","https://github.com/DefinitelyTyped/DefinitelyTyped/tree/master/types/react-dom"
"@types/seedrandom","2.4.34","MIT","https://github.com/DefinitelyTyped/DefinitelyTyped/tree/master/types/seedrandom"
"@types/unist","2.0.11 / 3.0.3","MIT","https://github.com/DefinitelyTyped/DefinitelyTyped/tree/master/types/unist"
"@types/use-sync-external-store","0.0.6","MIT","https://github.com/DefinitelyTyped/DefinitelyTyped/tree/master/types/use-sync-external-store"
"@types/ws","8.18.1","MIT","https://github.com/DefinitelyTyped/DefinitelyTyped/tree/master/types/ws"
"@typescript-eslint/eslint-plugin","7.18.0","MIT","https://typescript-eslint.io/packages/eslint-plugin"
"@typescript-eslint/parser","7.18.0","BSD-2-Clause","https://typescript-eslint.io/packages/parser"
"@typescript-eslint/scope-manager","7.18.0","MIT","https://typescript-eslint.io/packages/scope-manager"
"@typescript-eslint/type-utils","7.18.0","MIT","https://typescript-eslint.io"
"@typescript-eslint/types","7.18.0","MIT","https://typescript-eslint.io"
"@typescript-eslint/typescript-estree","7.18.0","BSD-2-Clause","https://typescript-eslint.io/packages/typescript-estree"
"@typescript-eslint/utils","7.18.0","MIT","https://typescript-eslint.io/packages/utils"
"@typescript-eslint/visitor-keys","7.18.0","MIT","https://typescript-eslint.io"
"@uiw/codemirror-extensions-basic-setup","4.25.11","MIT","https://uiwjs.github.io/react-codemirror/#/extensions/basic-setup"
"@uiw/react-codemirror","4.25.11","MIT","https://uiwjs.github.io/react-codemirror"
"@ungap/structured-clone","1.3.0","ISC","https://github.com/ungap/structured-clone#readme"
"@webassemblyjs/ast","1.14.1","MIT","https://github.com/xtuc/webassemblyjs#readme"
"@webassemblyjs/floating-point-hex-parser","1.13.2","MIT","https://github.com/xtuc/webassemblyjs#readme"
"@webassemblyjs/helper-api-error","1.13.2","MIT","https://github.com/xtuc/webassemblyjs#readme"
"@webassemblyjs/helper-buffer","1.14.1","MIT","https://github.com/xtuc/webassemblyjs#readme"
"@webassemblyjs/helper-numbers","1.13.2","MIT","https://github.com/xtuc/webassemblyjs#readme"
"@webassemblyjs/helper-wasm-bytecode","1.13.2","MIT","https://github.com/xtuc/webassemblyjs#readme"
"@webassemblyjs/helper-wasm-section","1.14.1","MIT","https://github.com/xtuc/webassemblyjs#readme"
"@webassemblyjs/ieee754","1.13.2","MIT","https://github.com/xtuc/webassemblyjs#readme"
"@webassemblyjs/leb128","1.13.2","Apache-2.0","https://github.com/xtuc/webassemblyjs#readme"
"@webassemblyjs/utf8","1.13.2","MIT","https://github.com/xtuc/webassemblyjs#readme"
"@webassemblyjs/wasm-edit","1.14.1","MIT","https://github.com/xtuc/webassemblyjs#readme"
"@webassemblyjs/wasm-gen","1.14.1","MIT","https://github.com/xtuc/webassemblyjs#readme"
"@webassemblyjs/wasm-opt","1.14.1","MIT","https://github.com/xtuc/webassemblyjs#readme"
"@webassemblyjs/wasm-parser","1.14.1","MIT","https://github.com/xtuc/webassemblyjs#readme"
"@webassemblyjs/wast-printer","1.14.1","MIT","https://github.com/xtuc/webassemblyjs#readme"
"@webgpu/types","0.1.38","BSD-3-Clause","https://github.com/gpuweb/types"
"@xmldom/xmldom","0.9.12","MIT","https://github.com/xmldom/xmldom"
"@xtuc/ieee754","1.2.0","BSD-3-Clause","https://github.com/feross/ieee754#readme"
"@xtuc/long","4.2.2","Apache-2.0","https://github.com/dcodeIO/long.js#readme"
"abbrev","1.1.1","ISC","https://github.com/isaacs/abbrev-js#readme"
"accepts","1.3.8","MIT","https://github.com/jshttp/accepts#readme"
"acorn","8.15.0 / 8.18.0","MIT","https://github.com/acornjs/acorn"
"acorn-jsx","5.3.2","MIT","https://github.com/acornjs/acorn-jsx"
"agent-base","6.0.2","MIT","https://github.com/TooTallNate/node-agent-base#readme"
"ajv","8.17.1 / 8.20.0","MIT","https://ajv.js.org"
"ajv-formats","2.1.1","MIT","https://github.com/ajv-validator/ajv-formats#readme"
"ajv-keywords","3.5.2 / 5.1.0","MIT","https://github.com/epoberezkin/ajv-keywords#readme"
"ansi-regex","5.0.1","MIT","https://github.com/chalk/ansi-regex#readme"
"ansi-styles","3.2.1 / 4.3.0","MIT","https://github.com/chalk/ansi-styles#readme"
"anynum","1.0.1","MIT","https://github.com/NaturalIntelligence/anynum#readme"
"append-field","1.0.0","MIT","https://github.com/LinusU/node-append-field#readme"
"aproba","2.1.0","ISC","https://github.com/iarna/aproba"
"are-we-there-yet","2.0.0","ISC","https://github.com/npm/are-we-there-yet"
"argparse","1.0.10","MIT","https://github.com/nodeca/argparse#readme"
"argparse","2.0.1","Python-2.0","https://github.com/nodeca/argparse#readme"
"array-buffer-byte-length","1.0.2","MIT","https://github.com/inspect-js/array-buffer-byte-length#readme"
"array-flatten","1.1.1","MIT","https://github.com/blakeembrey/array-flatten"
"array-union","2.1.0","MIT","https://github.com/sindresorhus/array-union#readme"
"arraybuffer.prototype.slice","1.0.4","MIT","https://github.com/es-shims/ArrayBuffer.prototype.slice#readme"
"astring","1.9.0","MIT","https://github.com/davidbonnet/astring#readme"
"async-function","1.0.0","MIT","https://github.com/ljharb/async-function#readme"
"asynckit","0.4.0","MIT","https://github.com/alexindigo/asynckit#readme"
"autoprefixer","10.4.23","MIT","https://github.com/postcss/autoprefixer#readme"
"available-typed-arrays","1.0.7","MIT","https://github.com/inspect-js/available-typed-arrays#readme"
"bail","2.0.2","MIT","https://github.com/wooorm/bail#readme"
"balanced-match","4.0.4","MIT","https://github.com/juliangruber/balanced-match#readme"
"base64-js","1.5.1","MIT","https://github.com/beatgammit/base64-js"
"base64id","2.0.0","MIT","https://github.com/faeldt/base64id#readme"
"baseline-browser-mapping","2.11.21","Apache-2.0","https://github.com/web-platform-dx/baseline-browser-mapping#readme"
"bcryptjs","3.0.3","BSD-3-Clause","https://github.com/dcodeIO/bcrypt.js#readme"
"big.js","5.2.2","MIT","https://github.com/MikeMcl/big.js#readme"
"bluebird","3.4.7","MIT","https://github.com/petkaantonov/bluebird"
"body-parser","2.3.0","MIT","https://github.com/expressjs/body-parser#readme"
"bowser","2.13.1","MIT","https://github.com/lancedikson/bowser"
"brace-expansion","5.0.9","MIT","https://github.com/juliangruber/brace-expansion#readme"
"braces","3.0.3","MIT","https://github.com/micromatch/braces"
"browserslist","4.28.9","MIT","https://github.com/browserslist/browserslist#readme"
"buffer-equal-constant-time","1.0.1","BSD-3-Clause","https://github.com/goinstant/buffer-equal-constant-time#readme"
"buffer-from","1.1.2","MIT","https://github.com/LinusU/buffer-from#readme"
"busboy","1.6.0","MIT","https://github.com/mscdex/busboy#readme"
"bytes","3.1.2","MIT","https://github.com/visionmedia/bytes.js#readme"
"c12","3.1.0","MIT","https://github.com/unjs/c12#readme"
"call-bind","1.0.8 / 1.0.9","MIT","https://github.com/ljharb/call-bind#readme"
"call-bind-apply-helpers","1.0.2","MIT","https://github.com/ljharb/call-bind-apply-helpers#readme"
"call-bound","1.0.4","MIT","https://github.com/ljharb/call-bound#readme"
"callsites","3.1.0","MIT","https://github.com/sindresorhus/callsites#readme"
"camelcase","5.3.1","MIT","https://github.com/sindresorhus/camelcase#readme"
"caniuse-lite","1.0.30001766 / 1.0.30001810","CC-BY-4.0","https://github.com/browserslist/caniuse-lite#readme"
"canvas","2.11.2","MIT","https://github.com/Automattic/node-canvas"
"ccount","2.0.1","MIT","https://github.com/wooorm/ccount#readme"
"chalk","2.4.2 / 4.1.2","MIT","https://github.com/chalk/chalk#readme"
"character-entities","2.0.2","MIT","https://github.com/wooorm/character-entities#readme"
"character-entities-html4","2.1.0","MIT","https://github.com/wooorm/character-entities-html4#readme"
"character-entities-legacy","3.0.0","MIT","https://github.com/wooorm/character-entities-legacy#readme"
"character-reference-invalid","2.0.1","MIT","https://github.com/wooorm/character-reference-invalid#readme"
"chokidar","4.0.3","MIT","https://github.com/paulmillr/chokidar"
"chownr","3.0.0","BlueOak-1.0.0","https://github.com/isaacs/chownr#readme"
"chrome-trace-event","1.0.4","MIT","https://github.com/samccone/chrome-trace-event#readme"
"citty","0.1.6 / 0.2.0","MIT","https://github.com/unjs/citty#readme"
"cliui","6.0.0 / 7.0.4","ISC","https://github.com/yargs/cliui#readme"
"clsx","2.1.1","MIT","https://github.com/lukeed/clsx#readme"
"cluster-key-slot","1.1.2","Apache-2.0","https://github.com/Salakar/cluster-key-slot#readme"
"codemirror","6.0.2","MIT","https://github.com/codemirror/basic-setup#readme"
"collapse-white-space","2.1.0","MIT","https://github.com/wooorm/collapse-white-space#readme"
"color-convert","1.9.3 / 2.0.1","MIT","https://github.com/Qix-/color-convert#readme"
"color-name","1.1.3 / 1.1.4","MIT","https://github.com/colorjs/color-name"
"color-support","1.1.3","ISC","https://github.com/isaacs/color-support#readme"
"combined-stream","1.0.8","MIT","https://github.com/felixge/node-combined-stream"
"comma-separated-tokens","2.0.3","MIT","https://github.com/wooorm/comma-separated-tokens#readme"
"commander","2.20.3 / 8.3.0","MIT","https://github.com/tj/commander.js#readme"
"complex.js","2.4.3","MIT","https://raw.org/article/complex-numbers-in-javascript/"
"concat-stream","2.0.0","MIT","https://github.com/maxogden/concat-stream#readme"
"confbox","0.2.2","MIT","https://github.com/unjs/confbox#readme"
"consola","2.15.3 / 3.4.2","MIT","https://github.com/unjs/consola#readme"
"console-control-strings","1.1.0","ISC","https://github.com/iarna/console-control-strings#readme"
"content-disposition","0.5.4","MIT","https://github.com/jshttp/content-disposition#readme"
"content-type","1.0.5 / 2.1.0","MIT","https://github.com/jshttp/content-type#readme"
"cookie","0.7.2","MIT","https://github.com/jshttp/cookie#readme"
"cookie-signature","1.0.7","MIT","https://github.com/visionmedia/node-cookie-signature#readme"
"core-js","3.29.1","MIT","https://github.com/zloirock/core-js#readme"
"core-util-is","1.0.3","MIT","https://github.com/isaacs/core-util-is#readme"
"cors","2.8.5","MIT","https://github.com/expressjs/cors#readme"
"crelt","1.0.6","MIT","https://github.com/marijnh/crelt#readme"
"cross-spawn","6.0.6 / 7.0.6","MIT","https://github.com/moxystudio/node-cross-spawn"
"csstype","3.2.3","MIT","https://github.com/frenic/csstype#readme"
"data-uri-to-buffer","4.0.1","MIT","https://github.com/TooTallNate/node-data-uri-to-buffer"
"data-view-buffer","1.0.2","MIT","https://github.com/inspect-js/data-view-buffer#readme"
"data-view-byte-length","1.0.2","MIT","https://github.com/inspect-js/data-view-byte-length#readme"
"data-view-byte-offset","1.0.1","MIT","https://github.com/inspect-js/data-view-byte-offset#readme"
"date-fns","4.1.0","MIT","https://github.com/date-fns/date-fns#readme"
"debug","2.6.9 / 4.3.7 / 4.4.3","MIT","https://github.com/debug-js/debug#readme"
"decamelize","1.2.0","MIT","https://github.com/sindresorhus/decamelize#readme"
"decimal.js","10.6.0","MIT","https://github.com/MikeMcl/decimal.js#readme"
"decode-named-character-reference","1.3.0","MIT","https://github.com/wooorm/decode-named-character-reference#readme"
"decompress-response","4.2.1","MIT","https://github.com/sindresorhus/decompress-response#readme"
"deep-is","0.1.4","MIT","https://github.com/thlorenz/deep-is#readme"
"deepmerge-ts","8.0.2","BSD-3-Clause","https://github.com/RebeccaStevens/deepmerge-ts#readme"
"define-data-property","1.1.4","MIT","https://github.com/ljharb/define-data-property#readme"
"define-properties","1.2.1","MIT","https://github.com/ljharb/define-properties#readme"
"defu","6.1.7","MIT","https://github.com/unjs/defu#readme"
"delayed-stream","1.0.0","MIT","https://github.com/felixge/node-delayed-stream"
"delegates","1.0.0","MIT","https://github.com/visionmedia/node-delegates#readme"
"denque","2.1.0","Apache-2.0","https://docs.page/invertase/denque"
"depd","2.0.0","MIT","https://github.com/dougwilson/nodejs-depd#readme"
"dequal","2.0.3","MIT","https://github.com/lukeed/dequal#readme"
"destr","2.0.5","MIT","https://github.com/unjs/destr#readme"
"destroy","1.2.0","MIT","https://github.com/stream-utils/destroy#readme"
"detect-libc","2.1.2","Apache-2.0","https://github.com/lovell/detect-libc#readme"
"devlop","1.1.0","MIT","https://github.com/wooorm/devlop#readme"
"dijkstrajs","1.0.3","MIT","https://github.com/tcort/dijkstrajs"
"dingbat-to-unicode","1.0.1","BSD-2-Clause","https://github.com/mwilliamson/dingbat-to-unicode#readme"
"dir-glob","3.0.1","MIT","https://github.com/kevva/dir-glob#readme"
"doctrine","3.0.0","Apache-2.0","https://github.com/eslint/doctrine"
"dotenv","16.4.5 / 16.6.1","BSD-2-Clause","https://github.com/motdotla/dotenv#readme"
"dotenv-expand","10.0.0","BSD-2-Clause","https://github.com/motdotla/dotenv-expand#readme"
"duck","0.1.12","BSD","https://github.com/mwilliamson/duck.js#readme"
"dunder-proto","1.0.1","MIT","https://github.com/es-shims/dunder-proto#readme"
"ecdsa-sig-formatter","1.0.11","Apache-2.0","https://github.com/Brightspace/node-ecdsa-sig-formatter#readme"
"ee-first","1.1.1","MIT","https://github.com/jonathanong/ee-first#readme"
"effect","3.22.1","MIT","https://effect.website"
"electron-to-chromium","1.5.423","ISC","https://github.com/Kilian/electron-to-chromium#readme"
"emoji-regex","8.0.0","MIT","https://mths.be/emoji-regex"
"emojis-list","3.0.0","MIT","https://nidecoc.io/Kikobeats/emojis-list"
"empathic","2.0.0","MIT","https://github.com/lukeed/empathic#readme"
"encodeurl","2.0.0","MIT","https://github.com/pillarjs/encodeurl#readme"
"engine.io","6.6.10","MIT","https://github.com/socketio/socket.io/tree/main/packages/engine.io#readme"
"engine.io-client","6.6.4","MIT","https://github.com/socketio/socket.io/tree/main/packages/engine.io-client#readme"
"engine.io-parser","5.2.3","MIT","https://github.com/socketio/socket.io/tree/main/packages/engine.io-parser#readme"
"enhanced-resolve","5.18.4 / 5.24.5","MIT","https://github.com/webpack/enhanced-resolve#readme"
"entities","6.0.1","BSD-2-Clause","https://github.com/fb55/entities#readme"
"error-ex","1.3.4","MIT","https://github.com/qix-/node-error-ex#readme"
"es-abstract","1.24.2","MIT","https://github.com/ljharb/es-abstract#readme"
"es-define-property","1.0.1","MIT","https://github.com/ljharb/es-define-property#readme"
"es-errors","1.3.0","MIT","https://github.com/ljharb/es-errors#readme"
"es-module-lexer","2.3.2","MIT","https://github.com/guybedford/es-module-lexer#readme"
"es-object-atoms","1.1.1","MIT","https://github.com/ljharb/es-object-atoms#readme"
"es-set-tostringtag","2.1.0","MIT","https://github.com/es-shims/es-set-tostringtag#readme"
"es-to-primitive","1.3.0","MIT","https://github.com/ljharb/es-to-primitive#readme"
"esast-util-from-estree","2.0.0","MIT","https://github.com/syntax-tree/esast-util-from-estree#readme"
"esast-util-from-js","2.0.1","MIT","https://github.com/syntax-tree/esast-util-from-js#readme"
"escalade","3.2.0","MIT","https://github.com/lukeed/escalade#readme"
"escape-html","1.0.3","MIT","https://github.com/component/escape-html#readme"
"escape-latex","1.2.0","MIT","https://github.com/dangmai/escape-latex#readme"
"escape-string-regexp","1.0.5 / 4.0.0 / 5.0.0","MIT","https://github.com/sindresorhus/escape-string-regexp#readme"
"eslint","8.57.1","MIT","https://eslint.org"
"eslint-scope","7.2.2","BSD-2-Clause","http://github.com/eslint/eslint-scope"
"eslint-visitor-keys","3.4.3","Apache-2.0","https://github.com/eslint/eslint-visitor-keys#readme"
"espree","9.6.1","BSD-2-Clause","https://github.com/eslint/espree"
"esquery","1.7.0","BSD-3-Clause","https://github.com/estools/esquery/"
"esrecurse","4.3.0","BSD-2-Clause","https://github.com/estools/esrecurse"
"estraverse","5.3.0","BSD-2-Clause","https://github.com/estools/estraverse"
"estree-util-attach-comments","3.0.0","MIT","https://github.com/syntax-tree/estree-util-attach-comments#readme"
"estree-util-build-jsx","3.0.1","MIT","https://github.com/syntax-tree/estree-util-build-jsx#readme"
"estree-util-is-identifier-name","3.0.0","MIT","https://github.com/syntax-tree/estree-util-is-identifier-name#readme"
"estree-util-scope","1.0.0","MIT","https://github.com/syntax-tree/estree-util-scope#readme"
"estree-util-to-js","2.0.0","MIT","https://github.com/syntax-tree/estree-util-to-js#readme"
"estree-util-visit","2.0.0","MIT","https://github.com/syntax-tree/estree-util-visit#readme"
"estree-walker","3.0.3","MIT","https://github.com/Rich-Harris/estree-walker#readme"
"esutils","2.0.3","BSD-2-Clause","https://github.com/estools/esutils"
"etag","1.8.1","MIT","https://github.com/jshttp/etag#readme"
"eventemitter2","6.4.9","MIT","https://github.com/hij1nx/EventEmitter2#readme"
"events","3.3.0","MIT","https://github.com/Gozala/events#readme"
"express","4.22.1","MIT","http://expressjs.com/"
"exsolve","1.0.8","MIT","https://github.com/unjs/exsolve#readme"
"extend","3.0.2","MIT","https://github.com/justmoon/node-extend#readme"
"fast-check","3.23.2","MIT","https://fast-check.dev/"
"fast-deep-equal","3.1.3","MIT","https://github.com/epoberezkin/fast-deep-equal#readme"
"fast-equals","5.4.0","MIT","https://github.com/planttheidea/fast-equals#readme"
"fast-glob","3.3.3","MIT","https://github.com/mrmlnc/fast-glob#readme"
"fast-levenshtein","2.0.6","MIT","https://github.com/hiddentao/fast-levenshtein#readme"
"fast-safe-stringify","2.1.1","MIT","https://github.com/davidmarkclements/fast-safe-stringify#readme"
"fast-uri","4.1.4","BSD-3-Clause","https://github.com/fastify/fast-uri"
"fast-xml-builder","1.3.1","MIT","https://github.com/NaturalIntelligence/fast-xml-builder#readme"
"fast-xml-parser","5.11.1","MIT","https://github.com/NaturalIntelligence/fast-xml-parser#readme"
"fastq","1.20.1","ISC","https://github.com/mcollina/fastq#readme"
"fetch-blob","3.2.0","MIT","https://github.com/node-fetch/fetch-blob#readme"
"file-entry-cache","6.0.1","MIT","https://github.com/royriojas/file-entry-cache#readme"
"file-type","22.0.2","MIT","https://github.com/sindresorhus/file-type#readme"
"fill-range","7.1.1","MIT","https://github.com/jonschlinkert/fill-range"
"finalhandler","1.3.2","MIT","https://github.com/pillarjs/finalhandler#readme"
"find-up","4.1.0 / 5.0.0","MIT","https://github.com/sindresorhus/find-up#readme"
"flat-cache","3.2.0","MIT","https://github.com/jaredwray/flat-cache#readme"
"flatted","3.4.4","ISC","https://github.com/WebReflection/flatted#readme"
"for-each","0.3.5","MIT","https://github.com/Raynos/for-each"
"form-data","4.0.6","MIT","https://github.com/form-data/form-data#readme"
"formdata-polyfill","4.0.10","MIT","https://github.com/jimmywarting/FormData#readme"
"forwarded","0.2.0","MIT","https://github.com/jshttp/forwarded#readme"
"fraction.js","5.3.4","MIT","https://raw.org/article/rational-numbers-in-javascript/"
"fresh","0.5.2","MIT","https://github.com/jshttp/fresh#readme"
"fs.realpath","1.0.0","ISC","https://github.com/isaacs/fs.realpath#readme"
"function-bind","1.1.2","MIT","https://github.com/Raynos/function-bind"
"function.prototype.name","1.1.8","MIT","https://github.com/es-shims/Function.prototype.name#readme"
"functions-have-names","1.2.3","MIT","https://github.com/inspect-js/functions-have-names#readme"
"gauge","3.0.2","ISC","https://github.com/npm/gauge"
"generator-function","2.0.1","MIT","https://github.com/TimothyGu/generator-function#readme"
"get-caller-file","2.0.5","ISC","https://github.com/stefanpenner/get-caller-file#readme"
"get-intrinsic","1.3.0","MIT","https://github.com/ljharb/get-intrinsic#readme"
"get-proto","1.0.1","MIT","https://github.com/ljharb/get-proto#readme"
"get-symbol-description","1.1.0","MIT","https://github.com/inspect-js/get-symbol-description#readme"
"giget","2.0.0","MIT","https://github.com/unjs/giget#readme"
"glob","7.2.3","ISC","https://github.com/isaacs/node-glob#readme"
"glob-parent","5.1.2 / 6.0.2","ISC","https://github.com/gulpjs/glob-parent#readme"
"globals","13.24.0","MIT","https://github.com/sindresorhus/globals#readme"
"globalthis","1.0.4","MIT","https://github.com/ljharb/System.global#readme"
"globby","11.1.0","MIT","https://github.com/sindresorhus/globby#readme"
"gopd","1.2.0","MIT","https://github.com/ljharb/gopd#readme"
"graceful-fs","4.2.11","ISC","https://github.com/isaacs/node-graceful-fs#readme"
"graphemer","1.4.0","MIT","https://github.com/flmnt/graphemer"
"has-bigints","1.1.0","MIT","https://github.com/ljharb/has-bigints#readme"
"has-flag","3.0.0 / 4.0.0","MIT","https://github.com/sindresorhus/has-flag#readme"
"has-property-descriptors","1.0.2","MIT","https://github.com/inspect-js/has-property-descriptors#readme"
"has-proto","1.2.0","MIT","https://github.com/inspect-js/has-proto#readme"
"has-symbols","1.1.0","MIT","https://github.com/ljharb/has-symbols#readme"
"has-tostringtag","1.0.2","MIT","https://github.com/inspect-js/has-tostringtag#readme"
"has-unicode","2.0.1","ISC","https://github.com/iarna/has-unicode"
"hasown","2.0.2 / 2.0.4","MIT","https://github.com/inspect-js/hasOwn#readme"
"hast-util-from-dom","5.0.1","ISC","https://github.com/syntax-tree/hast-util-from-dom#readme"
"hast-util-from-html","2.0.3","MIT","https://github.com/syntax-tree/hast-util-from-html#readme"
"hast-util-from-html-isomorphic","2.0.0","MIT","https://github.com/syntax-tree/hast-util-from-html-isomorphic#readme"
"hast-util-from-parse5","8.0.3","MIT","https://github.com/syntax-tree/hast-util-from-parse5#readme"
"hast-util-is-element","3.0.0","MIT","https://github.com/syntax-tree/hast-util-is-element#readme"
"hast-util-parse-selector","4.0.0","MIT","https://github.com/syntax-tree/hast-util-parse-selector#readme"
"hast-util-sanitize","5.0.2","MIT","https://github.com/syntax-tree/hast-util-sanitize#readme"
"hast-util-to-estree","3.1.3","MIT","https://github.com/syntax-tree/hast-util-to-estree#readme"
"hast-util-to-jsx-runtime","2.3.6","MIT","https://github.com/syntax-tree/hast-util-to-jsx-runtime#readme"
"hast-util-to-text","4.0.2","MIT","https://github.com/syntax-tree/hast-util-to-text#readme"
"hast-util-whitespace","3.0.0","MIT","https://github.com/syntax-tree/hast-util-whitespace#readme"
"hastscript","9.0.1","MIT","https://github.com/syntax-tree/hastscript#readme"
"helmet","8.3.0","MIT","https://helmet.js.org/"
"highlight.js","11.11.1","BSD-3-Clause","https://highlightjs.org/"
"hosted-git-info","2.8.9","ISC","https://github.com/npm/hosted-git-info"
"html-url-attributes","3.0.1","MIT","https://github.com/rehypejs/rehype-minify/tree/main#readme"
"http-errors","2.0.1","MIT","https://github.com/jshttp/http-errors#readme"
"https-proxy-agent","5.0.1","MIT","https://github.com/TooTallNate/node-https-proxy-agent#readme"
"iconv-lite","0.7.3","MIT","https://github.com/pillarjs/iconv-lite"
"ieee754","1.2.1","BSD-3-Clause","https://github.com/feross/ieee754#readme"
"ignore","5.3.2","MIT","https://github.com/kaelzhang/node-ignore#readme"
"immediate","3.0.6","MIT","https://github.com/calvinmetcalf/immediate#readme"
"import-fresh","3.3.1","MIT","https://github.com/sindresorhus/import-fresh#readme"
"imurmurhash","0.1.4","MIT","https://github.com/jensyt/imurmurhash-js"
"inflight","1.0.6","ISC","https://github.com/isaacs/inflight"
"inherits","2.0.4","ISC","https://github.com/isaacs/inherits#readme"
"inline-style-parser","0.2.7","MIT","https://github.com/remarkablemark/inline-style-parser#readme"
"internal-slot","1.1.0","MIT","https://github.com/ljharb/internal-slot#readme"
"ioredis","5.9.2","MIT","https://github.com/luin/ioredis#readme"
"ipaddr.js","1.9.1","MIT","https://github.com/whitequark/ipaddr.js#readme"
"is-alphabetical","2.0.1","MIT","https://github.com/wooorm/is-alphabetical#readme"
"is-alphanumerical","2.0.1","MIT","https://github.com/wooorm/is-alphanumerical#readme"
"is-any-array","3.0.0","MIT","https://github.com/cheminfo-js/is-any-array#readme"
"is-array-buffer","3.0.5","MIT","https://github.com/inspect-js/is-array-buffer#readme"
"is-arrayish","0.2.1","MIT","https://github.com/qix-/node-is-arrayish#readme"
"is-async-function","2.1.1","MIT","https://github.com/inspect-js/is-async-function#readme"
"is-bigint","1.1.0","MIT","https://github.com/inspect-js/is-bigint#readme"
"is-boolean-object","1.2.2","MIT","https://github.com/inspect-js/is-boolean-object#readme"
"is-callable","1.2.7","MIT","https://github.com/inspect-js/is-callable#readme"
"is-core-module","2.16.1","MIT","https://github.com/inspect-js/is-core-module"
"is-data-view","1.0.2","MIT","https://github.com/inspect-js/is-data-view#readme"
"is-date-object","1.1.0","MIT","https://github.com/inspect-js/is-date-object#readme"
"is-decimal","2.0.1","MIT","https://github.com/wooorm/is-decimal#readme"
"is-extglob","2.1.1","MIT","https://github.com/jonschlinkert/is-extglob"
"is-finalizationregistry","1.1.1","MIT","https://github.com/inspect-js/is-finalizationregistry#readme"
"is-fullwidth-code-point","3.0.0","MIT","https://github.com/sindresorhus/is-fullwidth-code-point#readme"
"is-generator-function","1.1.2","MIT","https://github.com/inspect-js/is-generator-function#readme"
"is-glob","4.0.3","MIT","https://github.com/micromatch/is-glob"
"is-hexadecimal","2.0.1","MIT","https://github.com/wooorm/is-hexadecimal#readme"
"is-map","2.0.3","MIT","https://github.com/inspect-js/is-map#readme"
"is-negative-zero","2.0.3","MIT","https://github.com/inspect-js/is-negative-zero"
"is-number","7.0.0","MIT","https://github.com/jonschlinkert/is-number"
"is-number-object","1.1.1","MIT","https://github.com/inspect-js/is-number-object#readme"
"is-path-inside","3.0.3","MIT","https://github.com/sindresorhus/is-path-inside#readme"
"is-plain-obj","4.1.0","MIT","https://github.com/sindresorhus/is-plain-obj#readme"
"is-regex","1.2.1","MIT","https://github.com/inspect-js/is-regex"
"is-set","2.0.3","MIT","https://github.com/inspect-js/is-set#readme"
"is-shared-array-buffer","1.0.4","MIT","https://github.com/inspect-js/is-shared-array-buffer#readme"
"is-string","1.1.1","MIT","https://github.com/inspect-js/is-string#readme"
"is-symbol","1.1.1","MIT","https://github.com/inspect-js/is-symbol#readme"
"is-typed-array","1.1.15","MIT","https://github.com/inspect-js/is-typed-array#readme"
"is-unsafe","2.0.2","MIT","https://github.com/NaturalIntelligence/is-unsafe#readme"
"is-url","1.2.4","MIT","https://github.com/segmentio/is-url#readme"
"is-weakmap","2.0.2","MIT","https://github.com/inspect-js/is-weakmap#readme"
"is-weakref","1.1.1","MIT","https://github.com/inspect-js/is-weakref#readme"
"is-weakset","2.0.4","MIT","https://github.com/inspect-js/is-weakset#readme"
"isarray","1.0.0 / 2.0.5","MIT","https://github.com/juliangruber/isarray"
"isexe","2.0.0","ISC","https://github.com/isaacs/isexe#readme"
"iterare","1.2.1","ISC","https://github.com/felixfbecker/iterare#readme"
"javascript-natural-sort","0.7.1","MIT","https://github.com/Bill4Time/javascript-natural-sort"
"jest-worker","27.5.1","MIT","https://github.com/facebook/jest#readme"
"jiti","2.6.1","MIT","https://github.com/unjs/jiti#readme"
"js-tokens","4.0.0","MIT","https://github.com/lydell/js-tokens#readme"
"js-yaml","5.4.1","MIT","https://github.com/nodeca/js-yaml#readme"
"json-buffer","3.0.1","MIT","https://github.com/dominictarr/json-buffer"
"json-parse-better-errors","1.0.2","MIT","https://github.com/zkat/json-parse-better-errors#readme"
"json-schema-traverse","1.0.0","MIT","https://github.com/epoberezkin/json-schema-traverse#readme"
"json-stable-stringify-without-jsonify","1.0.1","MIT","https://github.com/samn/json-stable-stringify"
"json5","2.2.3","MIT","http://json5.org/"
"jsonwebtoken","9.0.3","MIT","https://github.com/auth0/node-jsonwebtoken#readme"
"jszip","3.10.1","(MIT OR GPL-3.0-or-later)","https://github.com/Stuk/jszip#readme"
"jwa","2.0.1","MIT","https://github.com/brianloveswords/node-jwa#readme"
"jws","4.0.1","MIT","https://github.com/brianloveswords/node-jws#readme"
"katex","0.16.28","MIT","https://katex.org"
"keyv","4.5.4","MIT","https://github.com/jaredwray/keyv"
"levn","0.4.1","MIT","https://github.com/gkz/levn"
"lie","3.3.0","MIT","https://github.com/calvinmetcalf/lie#readme"
"lightningcss","1.30.2","MPL-2.0","https://github.com/parcel-bundler/lightningcss#readme"
"lightningcss-win32-x64-msvc","1.30.2","MPL-2.0","https://github.com/parcel-bundler/lightningcss#readme"
"linkifyjs","4.3.2","MIT","https://linkify.js.org"
"load-json-file","4.0.0","MIT","https://github.com/sindresorhus/load-json-file#readme"
"loader-utils","2.0.4","MIT","https://github.com/webpack/loader-utils#readme"
"locate-path","5.0.0 / 6.0.0","MIT","https://github.com/sindresorhus/locate-path#readme"
"lodash","4.18.1","MIT","https://lodash.com/"
"lodash.defaults","4.2.0","MIT","https://lodash.com/"
"lodash.includes","4.3.0","MIT","https://lodash.com/"
"lodash.isarguments","3.1.0","MIT","https://lodash.com/"
"lodash.isboolean","3.0.3","MIT","https://lodash.com/"
"lodash.isinteger","4.0.4","MIT","https://lodash.com/"
"lodash.isnumber","3.0.3","MIT","https://lodash.com/"
"lodash.isplainobject","4.0.6","MIT","https://lodash.com/"
"lodash.isstring","4.0.1","MIT","https://lodash.com/"
"lodash.merge","4.6.2","MIT","https://lodash.com/"
"lodash.once","4.1.1","MIT","https://lodash.com/"
"long","4.0.0","Apache-2.0","https://github.com/dcodeIO/long.js#readme"
"longest-streak","3.1.0","MIT","https://github.com/wooorm/longest-streak#readme"
"loose-envify","1.4.0","MIT","https://github.com/zertosh/loose-envify"
"lop","0.4.2","BSD-2-Clause","https://github.com/mwilliamson/lop#readme"
"lowlight","3.3.0","MIT","https://github.com/wooorm/lowlight#readme"
"lucide-react","0.575.0","ISC","https://lucide.dev"
"magic-string","0.30.21","MIT","https://github.com/Rich-Harris/magic-string#readme"
"make-cancellable-promise","2.0.0","MIT","https://github.com/wojtekmaj/make-cancellable-promise#readme"
"make-dir","3.1.0","MIT","https://github.com/sindresorhus/make-dir#readme"
"make-event-props","2.0.0","MIT","https://github.com/wojtekmaj/make-event-props#readme"
"mammoth","1.11.0","BSD-2-Clause","https://github.com/mwilliamson/mammoth.js#readme"
"markdown-extensions","2.0.0","MIT","https://github.com/sindresorhus/markdown-extensions#readme"
"markdown-table","3.0.4","MIT","https://github.com/wooorm/markdown-table#readme"
"math-intrinsics","1.1.0","MIT","https://github.com/es-shims/math-intrinsics#readme"
"mathjs","15.2.0","Apache-2.0","https://mathjs.org"
"mdast-util-find-and-replace","3.0.2","MIT","https://github.com/syntax-tree/mdast-util-find-and-replace#readme"
"mdast-util-from-markdown","2.0.2","MIT","https://github.com/syntax-tree/mdast-util-from-markdown#readme"
"mdast-util-gfm","3.1.0","MIT","https://github.com/syntax-tree/mdast-util-gfm#readme"
"mdast-util-gfm-autolink-literal","2.0.1","MIT","https://github.com/syntax-tree/mdast-util-gfm-autolink-literal#readme"
"mdast-util-gfm-footnote","2.1.0","MIT","https://github.com/syntax-tree/mdast-util-gfm-footnote#readme"
"mdast-util-gfm-strikethrough","2.0.0","MIT","https://github.com/syntax-tree/mdast-util-gfm-strikethrough#readme"
"mdast-util-gfm-table","2.0.0","MIT","https://github.com/syntax-tree/mdast-util-gfm-table#readme"
"mdast-util-gfm-task-list-item","2.0.0","MIT","https://github.com/syntax-tree/mdast-util-gfm-task-list-item#readme"
"mdast-util-math","3.0.0","MIT","https://github.com/syntax-tree/mdast-util-math#readme"
"mdast-util-mdx","3.0.0","MIT","https://github.com/syntax-tree/mdast-util-mdx#readme"
"mdast-util-mdx-expression","2.0.1","MIT","https://github.com/syntax-tree/mdast-util-mdx-expression#readme"
"mdast-util-mdx-jsx","3.2.0","MIT","https://github.com/syntax-tree/mdast-util-mdx-jsx#readme"
"mdast-util-mdxjs-esm","2.0.1","MIT","https://github.com/syntax-tree/mdast-util-mdxjs-esm#readme"
"mdast-util-phrasing","4.1.0","MIT","https://github.com/syntax-tree/mdast-util-phrasing#readme"
"mdast-util-to-hast","13.2.1","MIT","https://github.com/syntax-tree/mdast-util-to-hast#readme"
"mdast-util-to-markdown","2.1.2","MIT","https://github.com/syntax-tree/mdast-util-to-markdown#readme"
"mdast-util-to-string","4.0.0","MIT","https://github.com/syntax-tree/mdast-util-to-string#readme"
"media-typer","0.3.0 / 1.1.1","MIT","https://github.com/jshttp/media-typer#readme"
"memorystream","0.3.1","MIT","https://github.com/JSBizon/node-memorystream"
"merge-descriptors","1.0.3","MIT","https://github.com/sindresorhus/merge-descriptors#readme"
"merge-refs","2.0.0","MIT","https://github.com/wojtekmaj/merge-refs#readme"
"merge-stream","2.0.0","MIT","https://github.com/grncdr/merge-stream#readme"
"merge2","1.4.1","MIT","https://github.com/teambition/merge2"
"methods","1.1.2","MIT","https://github.com/jshttp/methods#readme"
"micromark","4.0.2","MIT","https://github.com/micromark/micromark/tree/main#readme"
"micromark-core-commonmark","2.0.3","MIT","https://github.com/micromark/micromark/tree/main#readme"
"micromark-extension-gfm","3.0.0","MIT","https://github.com/micromark/micromark-extension-gfm#readme"
"micromark-extension-gfm-autolink-literal","2.1.0","MIT","https://github.com/micromark/micromark-extension-gfm-autolink-literal#readme"
"micromark-extension-gfm-footnote","2.1.0","MIT","https://github.com/micromark/micromark-extension-gfm-footnote#readme"
"micromark-extension-gfm-strikethrough","2.1.0","MIT","https://github.com/micromark/micromark-extension-gfm-strikethrough#readme"
"micromark-extension-gfm-table","2.1.1","MIT","https://github.com/micromark/micromark-extension-gfm-table#readme"
"micromark-extension-gfm-tagfilter","2.0.0","MIT","https://github.com/micromark/micromark-extension-gfm-tagfilter#readme"
"micromark-extension-gfm-task-list-item","2.1.0","MIT","https://github.com/micromark/micromark-extension-gfm-task-list-item#readme"
"micromark-extension-math","3.1.0","MIT","https://github.com/micromark/micromark-extension-math#readme"
"micromark-extension-mdx-expression","3.0.1","MIT","https://github.com/micromark/micromark-extension-mdx-expression/tree/main#readme"
"micromark-extension-mdx-jsx","3.0.2","MIT","https://github.com/micromark/micromark-extension-mdx-jsx#readme"
"micromark-extension-mdx-md","2.0.0","MIT","https://github.com/micromark/micromark-extension-mdx-md#readme"
"micromark-extension-mdxjs","3.0.0","MIT","https://github.com/micromark/micromark-extension-mdxjs#readme"
"micromark-extension-mdxjs-esm","3.0.0","MIT","https://github.com/micromark/micromark-extension-mdxjs-esm#readme"
"micromark-factory-destination","2.0.1","MIT","https://github.com/micromark/micromark/tree/main#readme"
"micromark-factory-label","2.0.1","MIT","https://github.com/micromark/micromark/tree/main#readme"
"micromark-factory-mdx-expression","2.0.3","MIT","https://github.com/micromark/micromark-extension-mdx-expression/tree/main#readme"
"micromark-factory-space","2.0.1","MIT","https://github.com/micromark/micromark/tree/main#readme"
"micromark-factory-title","2.0.1","MIT","https://github.com/micromark/micromark/tree/main#readme"
"micromark-factory-whitespace","2.0.1","MIT","https://github.com/micromark/micromark/tree/main#readme"
"micromark-util-character","2.1.1","MIT","https://github.com/micromark/micromark/tree/main#readme"
"micromark-util-chunked","2.0.1","MIT","https://github.com/micromark/micromark/tree/main#readme"
"micromark-util-classify-character","2.0.1","MIT","https://github.com/micromark/micromark/tree/main#readme"
"micromark-util-combine-extensions","2.0.1","MIT","https://github.com/micromark/micromark/tree/main#readme"
"micromark-util-decode-numeric-character-reference","2.0.2","MIT","https://github.com/micromark/micromark/tree/main#readme"
"micromark-util-decode-string","2.0.1","MIT","https://github.com/micromark/micromark/tree/main#readme"
"micromark-util-encode","2.0.1","MIT","https://github.com/micromark/micromark/tree/main#readme"
"micromark-util-events-to-acorn","2.0.3","MIT","https://github.com/micromark/micromark-extension-mdx-expression/tree/main#readme"
"micromark-util-html-tag-name","2.0.1","MIT","https://github.com/micromark/micromark/tree/main#readme"
"micromark-util-normalize-identifier","2.0.1","MIT","https://github.com/micromark/micromark/tree/main#readme"
"micromark-util-resolve-all","2.0.1","MIT","https://github.com/micromark/micromark/tree/main#readme"
"micromark-util-sanitize-uri","2.0.1","MIT","https://github.com/micromark/micromark/tree/main#readme"
"micromark-util-subtokenize","2.1.0","MIT","https://github.com/micromark/micromark/tree/main#readme"
"micromark-util-symbol","2.0.1","MIT","https://github.com/micromark/micromark/tree/main#readme"
"micromark-util-types","2.0.2","MIT","https://github.com/micromark/micromark/tree/main#readme"
"micromatch","4.0.8","MIT","https://github.com/micromatch/micromatch"
"mime","1.6.0","MIT","https://github.com/broofa/node-mime#readme"
"mime-db","1.52.0 / 1.54.0","MIT","https://github.com/jshttp/mime-db#readme"
"mime-types","2.1.35 / 3.0.2","MIT","https://github.com/jshttp/mime-types#readme"
"mimic-response","2.1.0","MIT","https://github.com/sindresorhus/mimic-response#readme"
"minimatch","9.0.5","ISC","https://github.com/isaacs/minimatch#readme"
"minimatch","10.2.6","BlueOak-1.0.0","https://github.com/isaacs/minimatch#readme"
"minimizer-webpack-plugin","5.10.0","MIT","https://github.com/webpack/minimizer-webpack-plugin"
"minipass","7.1.2","ISC","https://github.com/isaacs/minipass#readme"
"minizlib","3.1.0","MIT","https://github.com/isaacs/minizlib#readme"
"ml-array-max","2.0.0","MIT","https://github.com/mljs/array/tree/master/packages/array-max#readme"
"ml-array-min","2.0.0","MIT","https://github.com/mljs/array/tree/master/packages/array-min#readme"
"ml-array-rescale","2.0.0","MIT","https://github.com/mljs/array/tree/master/packages/array-rescale#readme"
"ml-matrix","6.12.2","MIT","https://github.com/mljs/matrix"
"ms","2.0.0 / 2.1.3","MIT","https://github.com/vercel/ms#readme"
"multer","2.3.0","MIT","https://github.com/expressjs/multer#readme"
"nan","2.27.0","MIT","https://github.com/nodejs/nan#readme"
"nanoid","3.3.18","MIT","https://github.com/ai/nanoid#readme"
"natural-compare","1.4.0","MIT","https://github.com/litejs/natural-compare-lite#readme"
"negotiator","0.6.3","MIT","https://github.com/jshttp/negotiator#readme"
"neo-async","2.6.2","MIT","https://github.com/suguru03/neo-async"
"nice-try","1.0.5","MIT","https://github.com/electerious/nice-try"
"node-domexception","1.0.0","MIT","https://github.com/jimmywarting/node-domexception#readme"
"node-fetch","2.6.13 / 2.7.0 / 3.3.2","MIT","https://github.com/node-fetch/node-fetch"
"node-fetch-native","1.6.7","MIT","https://github.com/unjs/node-fetch-native#readme"
"node-releases","2.0.54","MIT","https://github.com/chicoxyzzy/node-releases#readme"
"nodemailer","10.0.1","MIT-0","https://nodemailer.com/"
"nopt","5.0.0","ISC","https://github.com/npm/nopt#readme"
"normalize-package-data","2.5.0","BSD-2-Clause","https://github.com/npm/normalize-package-data#readme"
"npm-run-all","4.1.5","MIT","https://github.com/mysticatea/npm-run-all"
"npmlog","5.0.1","ISC","https://github.com/npm/npmlog#readme"
"nypm","0.6.4","MIT","https://github.com/unjs/nypm#readme"
"object-assign","4.1.1","MIT","https://github.com/sindresorhus/object-assign#readme"
"object-hash","3.0.0","MIT","https://github.com/puleos/object-hash"
"object-inspect","1.13.4","MIT","https://github.com/inspect-js/object-inspect"
"object-keys","1.1.1","MIT","https://github.com/ljharb/object-keys#readme"
"object.assign","4.1.7","MIT","https://github.com/ljharb/object.assign#readme"
"ohash","2.0.11","MIT","https://github.com/unjs/ohash#readme"
"on-finished","2.4.1","MIT","https://github.com/jshttp/on-finished#readme"
"once","1.4.0","ISC","https://github.com/isaacs/once#readme"
"option","0.2.4","BSD-2-Clause","https://github.com/mwilliamson/node-options#readme"
"optionator","0.9.4","MIT","https://github.com/gkz/optionator"
"orderedmap","2.1.1","MIT","https://github.com/marijnh/orderedmap#readme"
"otplib","12.0.1","MIT","https://yeojz.otplib.dev"
"own-keys","1.0.1","MIT","https://github.com/ljharb/own-keys#readme"
"p-limit","2.3.0 / 3.1.0","MIT","https://github.com/sindresorhus/p-limit#readme"
"p-locate","4.1.0 / 5.0.0","MIT","https://github.com/sindresorhus/p-locate#readme"
"p-try","2.2.0","MIT","https://github.com/sindresorhus/p-try#readme"
"pako","1.0.11","(MIT AND Zlib)","https://github.com/nodeca/pako"
"parent-module","1.0.1","MIT","https://github.com/sindresorhus/parent-module#readme"
"parse-entities","4.0.2","MIT","https://github.com/wooorm/parse-entities#readme"
"parse-json","4.0.0","MIT","https://github.com/sindresorhus/parse-json#readme"
"parse5","7.3.0","MIT","https://parse5.js.org"
"parseurl","1.3.3","MIT","https://github.com/pillarjs/parseurl#readme"
"passport","0.7.0","MIT","https://www.passportjs.org/"
"passport-jwt","4.0.1","MIT","https://github.com/mikenicholson/passport-jwt"
"passport-strategy","1.0.0","MIT","https://github.com/jaredhanson/passport-strategy#readme"
"path-exists","4.0.0","MIT","https://github.com/sindresorhus/path-exists#readme"
"path-expression-matcher","1.6.2","MIT","https://github.com/NaturalIntelligence/path-expression-matcher#readme"
"path-is-absolute","1.0.1","MIT","https://github.com/sindresorhus/path-is-absolute#readme"
"path-key","2.0.1 / 3.1.1","MIT","https://github.com/sindresorhus/path-key#readme"
"path-parse","1.0.7","MIT","https://github.com/jbgutierrez/path-parse#readme"
"path-to-regexp","3.3.0","MIT","https://github.com/pillarjs/path-to-regexp#readme"
"path-type","3.0.0 / 4.0.0","MIT","https://github.com/sindresorhus/path-type#readme"
"pathe","2.0.3","MIT","https://github.com/unjs/pathe#readme"
"pause","0.0.1","Unknown",""
"pdf-img-convert","2.0.0","MIT","https://github.com/ol-th/pdf-img-convert.js#readme"
"pdf-parse","2.4.5","Apache-2.0","https://mehmet-kozan.github.io/pdf-parse/"
"pdfjs-dist","4.10.38 / 5.4.296","Apache-2.0","https://mozilla.github.io/pdf.js/"
"perfect-debounce","1.0.0","MIT","https://github.com/unjs/perfect-debounce#readme"
"picocolors","1.1.1","ISC","https://github.com/alexeyraspopov/picocolors#readme"
"picomatch","4.0.7","MIT","https://github.com/micromatch/picomatch"
"pidtree","0.3.1","MIT","http://github.com/simonepri/pidtree#readme"
"pify","3.0.0","MIT","https://github.com/sindresorhus/pify#readme"
"pkg-types","2.3.0","MIT","https://github.com/unjs/pkg-types#readme"
"pngjs","5.0.0","MIT","https://github.com/lukeapage/pngjs"
"possible-typed-array-names","1.1.0","MIT","https://github.com/ljharb/possible-typed-array-names#readme"
"postcss","8.5.28","MIT","https://postcss.org/"
"postcss-value-parser","4.2.0","MIT","https://github.com/TrySound/postcss-value-parser"
"prelude-ls","1.2.1","MIT","http://preludels.com"
"prisma","6.19.2","Apache-2.0","https://www.prisma.io"
"process-nextick-args","2.0.1","MIT","https://github.com/calvinmetcalf/process-nextick-args"
"property-information","7.1.0","MIT","https://github.com/wooorm/property-information#readme"
"prosemirror-changeset","2.4.2","MIT",""
"prosemirror-commands","1.7.1","MIT","https://github.com/prosemirror/prosemirror-commands#readme"
"prosemirror-dropcursor","1.8.2","MIT","https://github.com/prosemirror/prosemirror-dropcursor#readme"
"prosemirror-gapcursor","1.4.1","MIT","https://github.com/prosemirror/prosemirror-gapcursor#readme"
"prosemirror-history","1.5.0","MIT","https://github.com/prosemirror/prosemirror-history#readme"
"prosemirror-inputrules","1.5.1","MIT","https://github.com/prosemirror/prosemirror-inputrules#readme"
"prosemirror-keymap","1.2.3","MIT","https://github.com/prosemirror/prosemirror-keymap#readme"
"prosemirror-model","1.25.11","MIT",""
"prosemirror-schema-list","1.5.1","MIT","https://github.com/prosemirror/prosemirror-schema-list#readme"
"prosemirror-state","1.4.4","MIT","https://github.com/prosemirror/prosemirror-state#readme"
"prosemirror-tables","1.8.5","MIT","https://github.com/ProseMirror/prosemirror-tables#readme"
"prosemirror-transform","1.12.1","MIT",""
"prosemirror-view","1.42.3","MIT",""
"proxy-addr","2.0.7","MIT","https://github.com/jshttp/proxy-addr#readme"
"pure-rand","6.1.0","MIT","https://github.com/dubzzz/pure-rand#readme"
"pyodide","314.0.3","MPL-2.0","https://github.com/pyodide/pyodide"
"qrcode","1.5.4","MIT","http://github.com/soldair/node-qrcode"
"qs","6.16.0","BSD-3-Clause","https://github.com/ljharb/qs"
"queue-microtask","1.2.3","MIT","https://github.com/feross/queue-microtask"
"range-parser","1.2.1","MIT","https://github.com/jshttp/range-parser#readme"
"raw-body","3.0.2","MIT","https://github.com/stream-utils/raw-body#readme"
"rc9","2.1.2","MIT","https://github.com/unjs/rc9#readme"
"react","18.3.1","MIT","https://reactjs.org/"
"react-dom","18.3.1","MIT","https://reactjs.org/"
"react-markdown","10.1.0","MIT","https://github.com/remarkjs/react-markdown#readme"
"react-pdf","10.4.1","MIT","https://github.com/wojtekmaj/react-pdf#readme"
"react-router","6.30.3","MIT","https://github.com/remix-run/react-router#readme"
"react-router-dom","6.30.3","MIT","https://github.com/remix-run/react-router#readme"
"read-pkg","3.0.0","MIT","https://github.com/sindresorhus/read-pkg#readme"
"readable-stream","2.3.8 / 3.6.2","MIT","https://github.com/nodejs/readable-stream#readme"
"readdirp","4.1.2","MIT","https://github.com/paulmillr/readdirp"
"recma-build-jsx","1.0.0","MIT","https://github.com/mdx-js/recma"
"recma-jsx","1.0.1","MIT","https://github.com/mdx-js/recma"
"recma-parse","1.0.0","MIT","https://github.com/mdx-js/recma"
"recma-stringify","1.0.0","MIT","https://github.com/mdx-js/recma"
"redis-errors","1.2.0","MIT","https://github.com/NodeRedis/redis-errors#readme"
"redis-parser","3.0.0","MIT","https://github.com/NodeRedis/node-redis-parser#readme"
"reflect-metadata","0.2.2","Apache-2.0","http://rbuckton.github.io/reflect-metadata"
"reflect.getprototypeof","1.0.10","MIT","https://github.com/es-shims/Reflect.getPrototypeOf"
"regenerator-runtime","0.13.11","MIT","https://github.com/facebook/regenerator/tree/main#readme"
"regexp.prototype.flags","1.5.4","MIT","https://github.com/es-shims/RegExp.prototype.flags#readme"
"rehype-highlight","7.0.2","MIT","https://github.com/rehypejs/rehype-highlight#readme"
"rehype-katex","7.0.1","MIT","https://github.com/remarkjs/remark-math/tree/main#readme"
"rehype-recma","1.0.0","MIT","https://github.com/mdx-js/recma"
"rehype-sanitize","6.0.0","MIT","https://github.com/rehypejs/rehype-sanitize#readme"
"remark-gfm","4.0.1","MIT","https://github.com/remarkjs/remark-gfm#readme"
"remark-math","6.0.0","MIT","https://github.com/remarkjs/remark-math/tree/main#readme"
"remark-mdx","3.1.1","MIT","https://mdxjs.com"
"remark-parse","11.0.0","MIT","https://remark.js.org"
"remark-rehype","11.1.2","MIT","https://github.com/remarkjs/remark-rehype#readme"
"remark-stringify","11.0.0","MIT","https://remark.js.org"
"require-directory","2.1.1","MIT","https://github.com/troygoode/node-require-directory/"
"require-from-string","2.0.2","MIT","https://github.com/floatdrop/require-from-string#readme"
"require-main-filename","2.0.0","ISC","https://github.com/yargs/require-main-filename#readme"
"resolve","1.22.11","MIT","https://github.com/browserify/resolve#readme"
"resolve-from","4.0.0","MIT","https://github.com/sindresorhus/resolve-from#readme"
"reusify","1.1.0","MIT","https://github.com/mcollina/reusify#readme"
"rimraf","3.0.2","ISC","https://github.com/isaacs/rimraf#readme"
"rope-sequence","1.3.4","MIT","https://github.com/marijnh/rope-sequence#readme"
"run-parallel","1.2.0","MIT","https://github.com/feross/run-parallel"
"rxjs","7.8.2","Apache-2.0","https://rxjs.dev"
"safe-array-concat","1.1.4","MIT","https://github.com/ljharb/safe-array-concat#readme"
"safe-buffer","5.1.2 / 5.2.1","MIT","https://github.com/feross/safe-buffer"
"safe-push-apply","1.0.0","MIT","https://github.com/ljharb/safe-push-apply#readme"
"safe-regex-test","1.1.0","MIT","https://github.com/ljharb/safe-regex-test#readme"
"safer-buffer","2.1.2","MIT","https://github.com/ChALkeR/safer-buffer#readme"
"scheduler","0.23.2","MIT","https://reactjs.org/"
"schema-utils","3.3.0 / 4.3.3","MIT","https://github.com/webpack/schema-utils"
"seedrandom","3.0.5","MIT","http://davidbau.com/archives/2010/01/30/random_seeds_coded_hints_and_quintillions.html"
"semver","5.7.2 / 6.3.1 / 7.7.3","ISC","https://github.com/npm/node-semver#readme"
"send","0.19.2","MIT","https://github.com/pillarjs/send#readme"
"serve-static","1.16.3","MIT","https://github.com/expressjs/serve-static#readme"
"set-blocking","2.0.0","ISC","https://github.com/yargs/set-blocking#readme"
"set-function-length","1.2.2","MIT","https://github.com/ljharb/set-function-length#readme"
"set-function-name","2.0.2","MIT","https://github.com/ljharb/set-function-name#readme"
"set-proto","1.0.0","MIT","https://github.com/ljharb/set-proto#readme"
"setimmediate","1.0.5","MIT","https://github.com/YuzuJS/setImmediate#readme"
"setprototypeof","1.2.0","ISC","https://github.com/wesleytodd/setprototypeof"
"shebang-command","1.2.0 / 2.0.0","MIT","https://github.com/kevva/shebang-command#readme"
"shebang-regex","1.0.0 / 3.0.0","MIT","https://github.com/sindresorhus/shebang-regex#readme"
"shell-quote","1.10.0","MIT","https://github.com/ljharb/shell-quote"
"side-channel","1.1.0 / 1.1.1","MIT","https://github.com/ljharb/side-channel#readme"
"side-channel-list","1.0.0 / 1.0.1","MIT","https://github.com/ljharb/side-channel-list#readme"
"side-channel-map","1.0.1","MIT","https://github.com/ljharb/side-channel-map#readme"
"side-channel-weakmap","1.0.2","MIT","https://github.com/ljharb/side-channel-weakmap#readme"
"signal-exit","3.0.7","ISC","https://github.com/tapjs/signal-exit"
"simple-concat","1.0.1","MIT","https://github.com/feross/simple-concat"
"simple-get","3.1.1","MIT","https://github.com/feross/simple-get"
"slash","3.0.0","MIT","https://github.com/sindresorhus/slash#readme"
"socket.io","4.8.1 / 4.8.3","MIT","https://github.com/socketio/socket.io/tree/main/packages/socket.io#readme"
"socket.io-adapter","2.5.6","MIT","https://github.com/socketio/socket.io/tree/main/packages/socket.io-adapter#readme"
"socket.io-client","4.8.3","MIT","https://github.com/socketio/socket.io/tree/main/packages/socket.io-client#readme"
"socket.io-parser","4.2.7","MIT","https://github.com/socketio/socket.io/tree/main/packages/socket.io-client#readme"
"source-map","0.6.1 / 0.7.4","BSD-3-Clause","https://github.com/mozilla/source-map"
"source-map-js","1.2.1","BSD-3-Clause","https://github.com/7rulnik/source-map-js"
"source-map-support","0.5.21","MIT","https://github.com/evanw/node-source-map-support#readme"
"space-separated-tokens","2.0.2","MIT","https://github.com/wooorm/space-separated-tokens#readme"
"spdx-correct","3.2.0","Apache-2.0","https://github.com/jslicense/spdx-correct.js#readme"
"spdx-exceptions","2.5.0","CC-BY-3.0","https://github.com/kemitchell/spdx-exceptions.json#readme"
"spdx-expression-parse","3.0.1","MIT","https://github.com/jslicense/spdx-expression-parse.js#readme"
"spdx-license-ids","3.0.23","CC0-1.0","https://github.com/jslicense/spdx-license-ids#readme"
"sprintf-js","1.0.3","BSD-3-Clause","https://github.com/alexei/sprintf.js#readme"
"standard-as-callback","2.1.0","MIT","https://github.com/luin/asCallback#readme"
"statuses","2.0.2","MIT","https://github.com/jshttp/statuses#readme"
"stop-iteration-iterator","1.1.0","MIT","https://github.com/ljharb/stop-iteration-iterator#readme"
"streamsearch","1.1.0","MIT","https://github.com/mscdex/streamsearch#readme"
"string_decoder","1.1.1 / 1.3.0","MIT","https://github.com/nodejs/string_decoder"
"string-width","4.2.3","MIT","https://github.com/sindresorhus/string-width#readme"
"string.prototype.padend","3.1.6","MIT","https://github.com/es-shims/String.prototype.padEnd#readme"
"string.prototype.trim","1.2.10","MIT","https://github.com/es-shims/String.prototype.trim#readme"
"string.prototype.trimend","1.0.9","MIT","https://github.com/es-shims/String.prototype.trimEnd#readme"
"string.prototype.trimstart","1.0.8","MIT","https://github.com/es-shims/String.prototype.trimStart#readme"
"stringify-entities","4.0.4","MIT","https://github.com/wooorm/stringify-entities#readme"
"strip-ansi","6.0.1","MIT","https://github.com/chalk/strip-ansi#readme"
"strip-bom","3.0.0","MIT","https://github.com/sindresorhus/strip-bom#readme"
"strip-json-comments","3.1.1","MIT","https://github.com/sindresorhus/strip-json-comments#readme"
"strnum","2.4.2","MIT","https://github.com/NaturalIntelligence/strnum#readme"
"strtok3","10.3.5","MIT","https://github.com/Borewit/strtok3#readme"
"style-mod","4.1.3","MIT","https://github.com/marijnh/style-mod#readme"
"style-to-js","1.1.21","MIT","https://github.com/remarkablemark/style-to-js#readme"
"style-to-object","1.0.14","MIT","https://github.com/remarkablemark/style-to-object#readme"
"supports-color","5.5.0 / 7.2.0 / 8.1.1 / 10.2.2","MIT","https://github.com/chalk/supports-color#readme"
"supports-preserve-symlinks-flag","1.0.0","MIT","https://github.com/inspect-js/node-supports-preserve-symlinks-flag#readme"
"swagger-ui-dist","5.17.14","Apache-2.0","https://github.com/swagger-api/swagger-ui#readme"
"tailwindcss","4.1.18","MIT","https://tailwindcss.com"
"tapable","2.3.0 / 2.3.3","MIT","https://github.com/webpack/tapable"
"tar","7.5.22","BlueOak-1.0.0","https://github.com/isaacs/node-tar#readme"
"terser","5.51.2","BSD-2-Clause","https://terser.org"
"text-table","0.2.0","MIT","https://github.com/substack/text-table"
"thirty-two","1.0.2","Unknown","https://github.com/chrisumbel/thirty-two#readme"
"tiny-emitter","2.1.0","MIT","https://github.com/scottcorgan/tiny-emitter#readme"
"tiny-invariant","1.3.3","MIT","https://github.com/alexreardon/tiny-invariant#readme"
"tinyexec","1.0.2","MIT","https://github.com/tinylibs/tinyexec#readme"
"to-regex-range","5.0.1","MIT","https://github.com/micromatch/to-regex-range"
"toidentifier","1.0.1","MIT","https://github.com/component/toidentifier#readme"
"token-types","6.1.2","MIT","https://github.com/Borewit/token-types#readme"
"tr46","0.0.3","MIT","https://github.com/Sebmaster/tr46.js#readme"
"trim-lines","3.0.1","MIT","https://github.com/wooorm/trim-lines#readme"
"trough","2.2.0","MIT","https://github.com/wooorm/trough#readme"
"ts-api-utils","1.4.3","MIT","https://github.com/JoshuaKGoldberg/ts-api-utils#readme"
"tslib","2.8.1","0BSD","https://www.typescriptlang.org/"
"type-check","0.4.0","MIT","https://github.com/gkz/type-check"
"type-fest","0.20.2","(MIT OR CC0-1.0)","https://github.com/sindresorhus/type-fest#readme"
"type-is","1.6.18 / 2.1.0","MIT","https://github.com/jshttp/type-is#readme"
"typed-array-buffer","1.0.3","MIT","https://github.com/inspect-js/typed-array-buffer#readme"
"typed-array-byte-length","1.0.3","MIT","https://github.com/inspect-js/typed-array-byte-length#readme"
"typed-array-byte-offset","1.0.4","MIT","https://github.com/inspect-js/typed-array-byte-offset#readme"
"typed-array-length","1.0.8","MIT","https://github.com/inspect-js/typed-array-length#readme"
"typed-function","4.2.2","MIT","https://github.com/josdejong/typed-function"
"typedarray","0.0.6","MIT","https://github.com/substack/typedarray"
"typescript","5.9.3","Apache-2.0","https://www.typescriptlang.org/"
"uid","2.0.2","MIT","https://github.com/lukeed/uid#readme"
"uint8array-extras","1.5.0","MIT","https://github.com/sindresorhus/uint8array-extras#readme"
"unbox-primitive","1.1.0","MIT","https://github.com/ljharb/unbox-primitive#readme"
"underscore","1.13.8","MIT","https://underscorejs.org"
"undici-types","6.21.0","MIT","https://undici.nodejs.org"
"unified","11.0.5","MIT","https://unifiedjs.com"
"unist-util-find-after","5.0.0","MIT","https://github.com/syntax-tree/unist-util-find-after#readme"
"unist-util-is","6.0.1","MIT","https://github.com/syntax-tree/unist-util-is#readme"
"unist-util-position","5.0.0","MIT","https://github.com/syntax-tree/unist-util-position#readme"
"unist-util-position-from-estree","2.0.0","MIT","https://github.com/syntax-tree/unist-util-position-from-estree#readme"
"unist-util-remove-position","5.0.0","MIT","https://github.com/syntax-tree/unist-util-remove-position#readme"
"unist-util-stringify-position","4.0.0","MIT","https://github.com/syntax-tree/unist-util-stringify-position#readme"
"unist-util-visit","5.1.0","MIT","https://github.com/syntax-tree/unist-util-visit#readme"
"unist-util-visit-parents","6.0.2","MIT","https://github.com/syntax-tree/unist-util-visit-parents#readme"
"unpipe","1.0.0","MIT","https://github.com/stream-utils/unpipe#readme"
"update-browserslist-db","1.3.2","MIT","https://github.com/browserslist/update-db#readme"
"use-sync-external-store","1.6.0","MIT","https://github.com/facebook/react#readme"
"util-deprecate","1.0.2","MIT","https://github.com/TooTallNate/util-deprecate"
"utils-merge","1.0.1","MIT","https://github.com/jaredhanson/utils-merge#readme"
"validate-npm-package-license","3.0.4","Apache-2.0","https://github.com/kemitchell/validate-npm-package-license.js#readme"
"vary","1.1.2","MIT","https://github.com/jshttp/vary#readme"
"vfile","6.0.3","MIT","https://github.com/vfile/vfile#readme"
"vfile-location","5.0.3","MIT","https://github.com/vfile/vfile-location#readme"
"vfile-message","4.0.3","MIT","https://github.com/vfile/vfile-message#readme"
"w3c-keyname","2.2.8","MIT","https://github.com/marijnh/w3c-keyname#readme"
"warning","4.0.3","MIT","https://github.com/BerkeleyTrue/warning"
"watchpack","2.5.2","MIT","https://github.com/webpack/watchpack"
"web-namespaces","2.0.1","MIT","https://github.com/wooorm/web-namespaces#readme"
"web-streams-polyfill","3.3.3","MIT","https://github.com/MattiasBuelens/web-streams-polyfill#readme"
"webeyetrack","0.0.2","MIT","https://redforestai.github.io/WebEyeTrack/"
"webidl-conversions","3.0.1","BSD-2-Clause","https://github.com/jsdom/webidl-conversions#readme"
"webpack","5.110.3","MIT","https://github.com/webpack/webpack"
"webpack-sources","3.5.1","MIT","https://github.com/webpack/webpack-sources#readme"
"whatwg-url","5.0.0","MIT","https://github.com/jsdom/whatwg-url#readme"
"which","1.3.1 / 2.0.2","ISC","https://github.com/isaacs/node-which#readme"
"which-boxed-primitive","1.1.1","MIT","https://github.com/inspect-js/which-boxed-primitive#readme"
"which-builtin-type","1.2.1","MIT","https://github.com/inspect-js/which-builtin-type#readme"
"which-collection","1.0.2","MIT","https://github.com/inspect-js/which-collection#readme"
"which-module","2.0.1","ISC","https://github.com/nexdrew/which-module#readme"
"which-typed-array","1.1.21","MIT","https://github.com/inspect-js/which-typed-array#readme"
"wide-align","1.1.5","ISC","https://github.com/iarna/wide-align#readme"
"word-wrap","1.2.5","MIT","https://github.com/jonschlinkert/word-wrap"
"worker-loader","3.0.8","MIT","https://github.com/webpack-contrib/worker-loader"
"wrap-ansi","6.2.0 / 7.0.0","MIT","https://github.com/chalk/wrap-ansi#readme"
"wrappy","1.0.2","ISC","https://github.com/npm/wrappy"
"ws","8.21.3","MIT","https://github.com/websockets/ws"
"xml-naming","0.3.0","MIT","https://github.com/NaturalIntelligence/xml-naming#readme"
"xmlbuilder","10.1.1","MIT","http://github.com/oozcitak/xmlbuilder-js"
"xmlhttprequest-ssl","2.1.2","MIT","https://github.com/mjwwit/node-XMLHttpRequest#readme"
"y18n","4.0.3 / 5.0.8","ISC","https://github.com/yargs/y18n"
"yallist","5.0.0","BlueOak-1.0.0","https://github.com/isaacs/yallist#readme"
"yargs","15.4.1 / 16.2.0","MIT","https://yargs.js.org/"
"yargs-parser","18.1.3 / 20.2.9","ISC","https://github.com/yargs/yargs-parser#readme"
"yocto-queue","0.1.0","MIT","https://github.com/sindresorhus/yocto-queue#readme"
"zod","3.25.76","MIT","https://zod.dev"
"zwitch","2.0.4","MIT","https://github.com/wooorm/zwitch#readme"